--
-- PostgreSQL database dump
--


-- Dumped from database version 16.14 (Debian 16.14-1.pgdg12+1)
-- Dumped by pg_dump version 16.14 (Debian 16.14-1.pgdg12+1)

SET statement_timeout = 0;
SET lock_timeout = 0;
SET idle_in_transaction_session_timeout = 0;
SET client_encoding = 'UTF8';
SET standard_conforming_strings = on;
SELECT pg_catalog.set_config('search_path', '', false);
SET check_function_bodies = false;
SET xmloption = content;
SET client_min_messages = warning;
SET row_security = off;

--
-- Name: public; Type: SCHEMA; Schema: -; Owner: -
--



--
-- Name: SCHEMA public; Type: COMMENT; Schema: -; Owner: -
--

COMMENT ON SCHEMA public IS 'standard public schema';


SET default_tablespace = '';

SET default_table_access_method = heap;

--
-- Name: agents; Type: TABLE; Schema: public; Owner: -
--

CREATE TABLE public.agents (
    id uuid DEFAULT gen_random_uuid() NOT NULL,
    company_id uuid NOT NULL,
    name character varying(255) NOT NULL,
    description text,
    llm_provider character varying(50) DEFAULT 'openai'::character varying NOT NULL,
    llm_model character varying(100),
    temperature double precision DEFAULT 0.4 NOT NULL,
    system_prompt text NOT NULL,
    status character varying(20) DEFAULT 'active'::character varying NOT NULL,
    created_at timestamp with time zone DEFAULT now() NOT NULL,
    updated_at timestamp with time zone DEFAULT now() NOT NULL
);


--
-- Name: alembic_version; Type: TABLE; Schema: public; Owner: -
--

CREATE TABLE public.alembic_version (
    version_num character varying(32) NOT NULL
);


--
-- Name: channels; Type: TABLE; Schema: public; Owner: -
--

CREATE TABLE public.channels (
    id uuid DEFAULT gen_random_uuid() NOT NULL,
    agent_id uuid NOT NULL,
    provider character varying(50) NOT NULL,
    identifier character varying(255) NOT NULL,
    name character varying(255),
    status character varying(20) DEFAULT 'active'::character varying NOT NULL,
    config jsonb,
    created_at timestamp with time zone DEFAULT now() NOT NULL,
    updated_at timestamp with time zone DEFAULT now() NOT NULL
);


--
-- Name: chunks; Type: TABLE; Schema: public; Owner: -
--

CREATE TABLE public.chunks (
    id uuid DEFAULT gen_random_uuid() NOT NULL,
    document_id uuid,
    company_id uuid NOT NULL,
    agent_id uuid,
    content text NOT NULL,
    embedding public.vector(1536),
    created_at timestamp with time zone DEFAULT now() NOT NULL
);


--
-- Name: companies; Type: TABLE; Schema: public; Owner: -
--

CREATE TABLE public.companies (
    id uuid DEFAULT gen_random_uuid() NOT NULL,
    name character varying(255) NOT NULL,
    slug character varying(100) NOT NULL,
    status character varying(20) DEFAULT 'active'::character varying NOT NULL,
    created_at timestamp with time zone DEFAULT now() NOT NULL,
    updated_at timestamp with time zone DEFAULT now() NOT NULL
);


--
-- Name: conversations; Type: TABLE; Schema: public; Owner: -
--

CREATE TABLE public.conversations (
    id uuid DEFAULT gen_random_uuid() NOT NULL,
    agent_id uuid NOT NULL,
    channel_id uuid,
    session_id character varying(255) NOT NULL,
    from_id character varying(255),
    status character varying(30) DEFAULT 'ai_active'::character varying NOT NULL,
    created_at timestamp with time zone DEFAULT now() NOT NULL,
    updated_at timestamp with time zone DEFAULT now() NOT NULL
);


--
-- Name: documents; Type: TABLE; Schema: public; Owner: -
--

CREATE TABLE public.documents (
    id uuid DEFAULT gen_random_uuid() NOT NULL,
    company_id uuid NOT NULL,
    agent_id uuid,
    name character varying(255) NOT NULL,
    file_path character varying(500),
    status character varying(20) DEFAULT 'active'::character varying NOT NULL,
    created_at timestamp with time zone DEFAULT now() NOT NULL
);


--
-- Name: messages; Type: TABLE; Schema: public; Owner: -
--

CREATE TABLE public.messages (
    id uuid DEFAULT gen_random_uuid() NOT NULL,
    conversation_id uuid NOT NULL,
    role character varying(20) NOT NULL,
    content text NOT NULL,
    created_at timestamp with time zone DEFAULT now() NOT NULL
);


--
-- Name: users; Type: TABLE; Schema: public; Owner: -
--

CREATE TABLE public.users (
    id uuid DEFAULT gen_random_uuid() NOT NULL,
    company_id uuid NOT NULL,
    name character varying(255) NOT NULL,
    email character varying(255) NOT NULL,
    password_hash character varying(255) NOT NULL,
    role character varying(50) DEFAULT 'operator'::character varying NOT NULL,
    status character varying(20) DEFAULT 'active'::character varying NOT NULL,
    created_at timestamp with time zone DEFAULT now() NOT NULL,
    updated_at timestamp with time zone DEFAULT now() NOT NULL
);


--
-- Data for Name: agents; Type: TABLE DATA; Schema: public; Owner: -
--

COPY public.agents (id, company_id, name, description, llm_provider, llm_model, temperature, system_prompt, status, created_at, updated_at) FROM stdin;
5f638015-a2ff-4196-8c5f-af67780b730d	d31ccad8-1595-478c-b25f-2292aab6a0a4	Assistente de Imigração	Agente padrão — configure pelo painel administrativo (Etapa 6)	openai	gpt-5.4-mini	0.4	Você é um assistente virtual que ajuda com diversos assuntos, com conhecimento especializado em imigração.\n\nINSTRUÇÕES:\n1. Quando o CONTEXTO abaixo contiver informação relevante para a pergunta, use-o como base principal da resposta.\n2. Quando o CONTEXTO não for relevante para a pergunta, ou estiver vazio, responda normalmente usando seu próprio conhecimento, como qualquer assistente de IA faria.\n3. Nunca mencione a existência de um 'contexto', 'documentos' ou 'base de conhecimento'.\n4. A resposta deve parecer uma conversa natural e fluida.	active	2026-07-15 01:39:20.74578+00	2026-07-15 01:39:20.74578+00
f9bb5edf-6a3f-4a70-90fa-ea65d10dc6a2	795387a9-9dc2-4b6b-9f55-624212568972	Assistente de Teste	Agente para validar o pipeline antes do primeiro cliente real	openai	gpt-5.4-mini	0.4	Você é um assistente virtual que ajuda com diversos assuntos, com conhecimento especializado em mudanças. Use o CONTEXTO fornecido quando for relevante para a pergunta.	active	2026-07-15 21:31:16.179234+00	2026-07-15 21:31:16.179234+00
3d5b171c-6fb5-478f-bb86-0b5a2b9e4309	4e7f0e12-9d5f-4ee5-af7f-a6ff42292a10	Assistente B	Agente de teste para validar isolamento entre empresas	openai	gpt-5.4-mini	0.4	Você é um assistente virtual que ajuda com diversos assuntos, com conhecimento especializado em imigração. Use o CONTEXTO fornecido quando for relevante para a pergunta.	active	2026-07-15 23:25:51.727911+00	2026-07-15 23:25:51.727911+00
f6081795-6aeb-4d82-894b-110840ed5d38	20875ea6-98aa-4833-8486-bf197ebafab8	Agente Alegra Brasil	Agente inicial - aguardando configuração de persona e regras de negócio	openai	gpt-5.4-mini	0.4	Você é o assistente virtual da Alegra Brasil. Responda de forma educada e objetiva. Este agente ainda está em configuração inicial.	active	2026-07-16 02:12:40.086742+00	2026-07-16 02:12:40.086742+00
\.


--
-- Data for Name: alembic_version; Type: TABLE DATA; Schema: public; Owner: -
--

COPY public.alembic_version (version_num) FROM stdin;
001
\.


--
-- Data for Name: channels; Type: TABLE DATA; Schema: public; Owner: -
--

COPY public.channels (id, agent_id, provider, identifier, name, status, config, created_at, updated_at) FROM stdin;
2f6f1b7f-f313-41be-bb84-5e8e32359b48	5f638015-a2ff-4196-8c5f-af67780b730d	evolution	default	Evolution via n8n	active	{}	2026-07-15 01:39:20.74578+00	2026-07-15 01:39:20.74578+00
7c215fd0-2595-4711-a7e0-8f77eeff9844	f9bb5edf-6a3f-4a70-90fa-ea65d10dc6a2	whatsapp_cloud	1144936578711217	WhatsApp Teste	active	{"access_token": "EAAOXUEZAtckIBRxXCnsAjOQCpI2gj7SC3c3Dch0pEnF0QDS2lQoQVNZAEGFjgUdPMZCKDUt55OxtyZCNL5fONmfYQHZAcGIbSEV5O4rCjZAvwbWprJrnTUzWZB8AWJcIX7psbsXgt9AS68TkIQLAZA5Yy2qFUbnQ4WNAiRz4MJcdCdcSLmzqM7vsuUamyId1UOZBVHxw5D1tKASYqvr8ayOWK5MctURZBZA0WARXRgqdNwjRYcC1Gfpx8LfixcYLQZAzQb8tKavmUWenxZCiYJtuMvU3Ny1a1TgZDZD", "verify_token": "speedbot-verify-2026", "phone_number_id": "1144936578711217"}	2026-07-15 21:31:16.179234+00	2026-07-15 21:31:16.179234+00
bc5f31c2-ab4f-441d-86ba-d8aba8f8ed9d	3d5b171c-6fb5-478f-bb86-0b5a2b9e4309	whatsapp_cloud	9999999999999	Canal Teste B	active	{"access_token": "nao-usado-neste-teste", "verify_token": "nao-usado", "phone_number_id": "9999999999999"}	2026-07-15 23:25:51.727911+00	2026-07-15 23:25:51.727911+00
96e3e742-dcbc-4c07-9b05-f424654b8603	f6081795-6aeb-4d82-894b-110840ed5d38	whatsapp_cloud	570906922765104	WhatsApp - Alegra Brasil	active	{"access_token": "sk_live_213483e4b22ea5a948e5c8429500a7de1f69a527075a56ab", "api_base_url": "https://cloud.datafyapi.com.br/v1", "verify_token": "alegra_verify_2026", "phone_number_id": "570906922765104"}	2026-07-16 02:12:40.086742+00	2026-07-16 02:12:40.086742+00
\.


--
-- Data for Name: chunks; Type: TABLE DATA; Schema: public; Owner: -
--

COPY public.chunks (id, document_id, company_id, agent_id, content, embedding, created_at) FROM stdin;
d4b58f4f-b465-4fc6-87dc-5577ed44f8f4	2cd8c2f7-387b-4d02-b59d-3e0d3363cbf6	795387a9-9dc2-4b6b-9f55-624212568972	f9bb5edf-6a3f-4a70-90fa-ea65d10dc6a2	Informações sobre o Visto Especial SpeedBot-X99:\n\nEste é um visto experimental usado exclusivamente para testes internos do sistema.\nA taxa de processamento deste visto é de exatamente R$ 4.827,00.\nO prazo de análise é de 47 dias úteis.\nO código de referência interno deste processo é ZX-7742.	[0.005302429,0.041900635,-0.0034122467,-0.016036987,-0.04260254,-0.0007619858,-0.021881104,0.01360321,0.021728516,-0.011329651,0.003019333,0.044525146,-0.0496521,-0.0022010803,0.021759033,0.01008606,-0.038909912,-0.00021398067,-0.0047721863,0.0035381317,0.025268555,-0.004173279,-0.026321411,-0.033081055,0.02218628,-0.054718018,-0.01651001,-0.04953003,0.033966064,-0.05178833,0.0044898987,-0.03074646,0.02078247,-0.008338928,-0.042388916,0.010871887,-0.03744507,0.0031261444,0.0017538071,-0.0075569153,0.043884277,0.038085938,-0.0067214966,0.033325195,0.024353027,0.01638794,-0.015655518,-0.004348755,-0.016540527,0.013763428,-0.012268066,0.042388916,-0.03390503,0.03955078,0.024719238,-0.024398804,0.024810791,-0.0061683655,0.016647339,0.026168823,0.06100464,-0.0059776306,-0.026412964,0.012832642,0.0015573502,0.05218506,-0.014190674,0.068847656,-0.025482178,-0.0054016113,-0.011108398,0.049072266,0.016601562,-0.035369873,0.050354004,-0.024246216,-0.001701355,0.017349243,0.00047659874,-0.014945984,-0.03378296,0.0020160675,-0.010612488,0.0035133362,0.020645142,0.007820129,-0.01625061,-0.016052246,0.029052734,0.0061912537,-0.07196045,0.009101868,-0.021392822,0.008430481,0.023605347,0.055633545,-0.08483887,-0.034423828,-0.005794525,0.0149383545,-0.012542725,-0.018997192,0.040771484,0.026229858,0.05078125,-0.012451172,-0.01725769,0.034362793,0.027908325,-0.019821167,0.1026001,-0.018615723,-0.026351929,0.041809082,0.033813477,-6.41346e-05,0.003900528,-0.030456543,0.04776001,0.010719299,-0.023406982,0.047729492,-0.00038552284,-0.046783447,-0.031951904,-0.017349243,-0.013130188,0.0014677048,-0.00881958,-0.037506104,0.004901886,-0.0016851425,0.056274414,-0.021255493,-0.00013673306,-0.00484848,0.006706238,0.015151978,-0.004142761,0.02960205,-0.0059547424,0.05065918,0.05722046,0.039398193,-0.039398193,0.039611816,-0.03314209,0.011383057,0.0014276505,-0.0073051453,-0.062194824,-0.006603241,0.00061416626,-0.006790161,-0.03390503,-0.033111572,0.005710602,-0.0015468597,-0.02960205,0.058746338,-0.025604248,-0.062194824,0.008773804,0.024215698,0.009857178,0.0007548332,-0.006038666,-0.01259613,-0.090270996,-0.016998291,0.016738892,-0.010757446,-0.022247314,0.0045776367,-0.017944336,-0.014404297,0.013977051,-0.038208008,0.023773193,-0.009117126,-0.05206299,-0.033111572,0.012619019,0.015838623,-0.030441284,-0.044891357,0.018981934,0.014427185,-0.016677856,0.012168884,0.036102295,-0.0073776245,-0.019302368,0.025939941,0.0009088516,0.013160706,-0.04522705,-0.070007324,0.0056991577,-0.0061187744,-0.031799316,-0.036956787,0.022445679,0.001964569,0.039642334,0.0065307617,0.04486084,-0.0038757324,-0.011741638,0.017196655,0.048858643,0.005508423,0.019821167,-0.013504028,0.02192688,-0.030090332,0.0071411133,-0.012680054,1.8537045e-05,-0.026535034,-0.036956787,-0.0011920929,0.005138397,0.0050315857,-0.022903442,0.03302002,-0.0014457703,-0.0044174194,-0.04244995,-0.061584473,-0.0501709,0.015701294,0.0143585205,-0.0579834,0.0031147003,0.037750244,-0.017562866,-0.0070343018,-0.025939941,-0.047302246,-0.034973145,-0.007843018,0.026733398,0.042785645,-0.012481689,-0.019607544,-0.013175964,-0.038635254,0.013084412,0.019073486,0.03756714,-0.01499176,-0.033416748,-0.056274414,0.0036849976,0.000831604,-0.06915283,0.049926758,0.016677856,0.014053345,-0.0030269623,-0.02822876,-0.022125244,-0.011917114,0.016143799,-0.019760132,0.031234741,-0.0034484863,0.002691269,-0.029327393,0.008224487,0.0102005005,0.034057617,0.035339355,-0.060150146,0.015686035,0.023269653,-0.02609253,-0.03604126,-0.024963379,-0.003255844,0.033966064,-0.014984131,0.004875183,-0.01171875,0.005016327,0.04043579,-0.019165039,-0.008392334,-0.009239197,0.04714966,0.017791748,0.038604736,-0.040802002,0.039611816,-0.0040130615,0.0256958,-0.013015747,0.008110046,-0.049316406,0.025894165,-0.055999756,0.10784912,-0.012893677,-0.038604736,0.06072998,0.010719299,-0.003293991,-0.03451538,0.0016651154,-0.017868042,-0.0107421875,-0.090148926,-0.052246094,0.0015325546,-0.03189087,0.006767273,0.014854431,0.0026798248,-0.03967285,0.00038409233,0.0034828186,0.01727295,0.027160645,-0.00075912476,-0.02330017,-0.018981934,0.043914795,0.01360321,-0.034454346,0.029647827,-0.0418396,0.0096588135,-0.031921387,0.0063171387,-0.02670288,0.0025367737,0.027023315,0.0015096664,0.023788452,-0.03463745,-0.00233078,-0.03729248,-0.01638794,0.032592773,0.024917603,-0.029937744,-0.01977539,0.056793213,0.019699097,0.008399963,-0.0024280548,-0.010635376,-0.015602112,-0.0068969727,-0.020706177,0.019134521,0.00040459633,-0.080322266,0.013679504,-0.05078125,0.020874023,0.039978027,0.008293152,0.027786255,-0.026275635,-0.013320923,-0.01625061,-0.02508545,-0.023223877,-0.026351929,0.020309448,-0.009338379,-0.024002075,0.05029297,-0.057617188,0.017807007,0.040771484,0.0030269623,0.036254883,0.012756348,0.0032291412,-0.06591797,0.026443481,0.029403687,0.01965332,0.0039043427,-0.025314331,-0.016357422,0.0102005005,-0.002483368,-0.0049743652,-0.012458801,-0.015045166,-0.006801605,0.041015625,0.062469482,0.019073486,0.004058838,-0.012901306,0.00484848,-0.049835205,0.019592285,0.011627197,-0.039215088,-0.031066895,-0.041046143,0.059783936,-0.011375427,0.03591919,0.019714355,-0.027297974,0.039215088,-0.016723633,0.031051636,0.016143799,0.015388489,0.040039062,-0.024047852,0.019165039,0.030593872,0.067993164,-0.003900528,-0.019866943,-0.017044067,-0.024353027,0.0018730164,0.008735657,-0.028198242,0.008026123,-0.014633179,-0.028839111,0.022735596,0.037384033,-0.061157227,0.009017944,-0.038604736,-0.010902405,-0.0046958923,0.0066871643,-0.010757446,-0.041015625,0.016540527,0.013793945,-0.028945923,0.005039215,0.024246216,0.029418945,0.040100098,-0.008964539,0.018127441,-0.0037059784,-0.014381409,-0.020843506,-0.08917236,-0.08703613,-0.029571533,-0.025436401,-0.054351807,0.012825012,-0.017715454,0.02557373,0.0019931793,0.030303955,0.037384033,0.0015478134,-0.034820557,0.008888245,0.024963379,0.013221741,0.012519836,0.017227173,0.021942139,0.0012187958,0.013435364,0.027114868,-0.0107040405,-0.021621704,0.01789856,0.017822266,0.014076233,0.005958557,-0.04916382,0.012054443,0.027832031,0.0947876,0.037597656,0.0064582825,-0.07354736,0.023864746,0.025390625,0.020263672,0.058929443,-0.0093688965,0.0062408447,0.01890564,-0.017059326,-0.042907715,-0.007095337,0.0065345764,-0.058441162,-0.0061416626,-0.007904053,-0.0073165894,-0.036865234,0.013725281,-0.02848816,-0.007858276,0.012382507,0.012962341,0.011604309,0.032806396,0.029006958,0.013999939,-0.027709961,0.015602112,0.016601562,0.020828247,-0.0060157776,0.015350342,-0.005970001,-0.0014438629,-0.01461792,0.0032730103,0.0010004044,-0.037322998,-0.022384644,-0.08605957,-0.02279663,0.008087158,-0.05871582,-0.021972656,-0.04147339,-0.012451172,-0.010192871,-0.026687622,-0.0034770966,-0.005001068,-0.014007568,-0.0029678345,-0.018493652,-0.014923096,0.045837402,0.0029029846,0.00021994114,-0.005455017,0.017715454,0.039916992,-0.0011463165,-0.01473999,-0.028747559,-0.010726929,0.031982422,0.007820129,-0.024856567,0.02809143,-0.022949219,0.0013589859,-0.034576416,-0.010131836,0.002046585,-0.03857422,-0.013320923,-0.018920898,-0.025939941,0.009216309,-0.0011606216,-0.0491333,-0.016662598,0.0043563843,-0.03475952,0.015182495,-0.0104599,0.085754395,-0.00097227097,-0.00040102005,-0.009422302,-0.048706055,-0.05291748,0.005458832,0.01675415,0.016998291,0.03250122,0.043762207,0.004135132,0.029266357,-0.009239197,0.011482239,-0.01802063,0.035705566,-0.0054473877,0.0007634163,0.02444458,-0.03857422,0.04727173,0.023880005,0.0146102905,0.021408081,0.023406982,-0.003610611,-0.02192688,-0.013961792,0.017684937,0.002653122,-0.02696228,-0.017807007,0.0029850006,-0.001200676,0.025787354,-0.01499176,-0.0019245148,0.017242432,-0.013839722,-0.033599854,-0.023956299,0.01763916,-0.034210205,-0.011627197,0.00088596344,0.0051460266,-0.029937744,0.008613586,0.0029964447,0.015899658,0.029312134,0.016113281,0.003944397,-0.029266357,0.0009717941,0.021530151,0.011749268,0.02116394,-0.03062439,0.024353027,-0.0026474,0.013465881,-0.029449463,0.015838623,0.02154541,-0.022872925,0.0026302338,-0.009178162,0.024612427,-0.026443481,-0.013389587,0.0064697266,-0.015823364,-0.012001038,-0.0011444092,-6.490946e-05,0.0048713684,-0.030059814,0.024658203,0.010650635,-0.010360718,-0.01550293,-0.0052337646,0.0033359528,0.009468079,0.0048675537,-0.0077400208,0.008583069,-0.01158905,0.033599854,-0.00434494,0.04360962,-0.0012731552,-0.0022258759,-0.032226562,-0.014961243,-0.061553955,0.010848999,0.026367188,0.009727478,0.01322937,0.012123108,0.009933472,-0.022109985,-0.0035705566,0.016952515,-0.030395508,-0.04473877,0.016021729,0.031463623,-0.005683899,-0.0031528473,0.0051994324,0.013671875,-0.023742676,-0.012123108,0.01651001,0.030929565,0.041137695,-0.044311523,0.022521973,-0.015975952,-0.00054359436,0.031188965,-0.015083313,-0.032318115,0.0029144287,0.011245728,0.022125244,-0.043273926,-0.026321411,-0.021438599,0.0031700134,-0.009170532,0.026306152,0.017654419,-0.01727295,0.044189453,-0.051116943,-0.013771057,-0.035888672,0.011444092,-0.025009155,-0.008110046,0.005455017,0.0013895035,-0.005836487,0.053955078,-0.03543091,-0.023925781,-0.016952515,-0.01763916,0.026229858,0.0074043274,0.0025978088,0.012359619,0.02848816,-0.011367798,-0.016693115,-0.042785645,0.05618286,-0.009590149,-0.03692627,0.03765869,0.0005054474,-0.019866943,-0.0018348694,-0.022949219,-0.0016918182,-0.009552002,-0.036071777,-0.015197754,0.029220581,-0.01701355,0.005432129,-0.013748169,0.0018033981,0.006931305,-0.018753052,0.011627197,0.0099105835,0.01550293,0.04260254,-0.0096588135,0.0030059814,0.0099487305,-0.024871826,0.017974854,0.009552002,0.03781128,0.01876831,0.016586304,-0.034301758,-0.018539429,0.0010938644,0.02557373,0.026733398,0.02684021,-0.024658203,0.014762878,0.03781128,0.017868042,-0.0018835068,-0.029891968,0.02368164,0.027709961,0.030731201,-0.03817749,-0.033081055,-0.03756714,-0.0041046143,0.024246216,0.0101623535,0.02331543,-0.0077209473,-0.0063667297,0.01473999,7.170439e-05,-0.035583496,-0.019134521,0.034851074,0.028915405,-0.0035648346,0.004108429,-0.025665283,-0.014961243,-0.04925537,-0.017913818,-0.004005432,0.01033783,0.019744873,-0.0134887695,0.010368347,0.039489746,-0.009994507,-0.01826477,-0.040771484,0.024139404,-0.034973145,0.005027771,0.026046753,0.043121338,0.003112793,-0.04827881,-0.0236969,-0.046813965,0.02696228,-0.01902771,0.0038223267,-0.012145996,0.039794922,0.012145996,0.0035934448,-0.017486572,-0.012496948,-0.011787415,0.017837524,0.0061798096,-0.010620117,-0.036315918,0.0038928986,0.008132935,-0.028305054,-0.002878189,0.005760193,0.0085372925,0.067993164,0.004272461,-0.016998291,-0.0001320839,-0.01360321,-0.017715454,-0.018875122,-0.018081665,-0.007106781,0.03765869,-0.0063476562,-0.032958984,-0.0099487305,-0.00806427,0.037506104,-0.023590088,-0.027359009,-0.020706177,0.003660202,0.040283203,-0.02128601,0.03427124,0.049926758,-0.01689148,0.030838013,0.015464783,-0.009735107,-0.01398468,0.027450562,0.050872803,0.012268066,0.000620842,-0.018051147,0.012390137,-0.008560181,0.039031982,-0.055755615,0.007446289,-0.00705719,-0.028717041,-0.027130127,0.0027236938,0.020965576,-0.023162842,0.021377563,0.026535034,0.0127334595,0.009674072,-0.004699707,0.008201599,0.027832031,-0.0030765533,0.007881165,-0.019073486,0.002008438,-0.016708374,0.026260376,0.057495117,0.0003838539,0.019515991,-0.011886597,0.010498047,0.0140686035,-0.0029964447,-0.025390625,-0.029266357,-0.011001587,0.030014038,0.030258179,0.023406982,0.03665161,-0.044830322,0.028564453,-0.018203735,0.008132935,0.03668213,0.003660202,-0.015731812,-0.0029659271,-0.018432617,-0.003293991,-0.06878662,-0.019241333,0.023651123,-0.016860962,0.01259613,-0.048706055,-0.04916382,0.04699707,-0.00730896,-0.0031795502,-0.001704216,0.0014457703,0.0022716522,-0.044799805,-0.009880066,-0.0012578964,-0.013626099,0.015975952,0.02722168,-0.009780884,0.018341064,0.00422287,-0.03100586,0.017471313,-0.03616333,0.042877197,0.0030174255,-0.013298035,0.019973755,-0.01461792,0.021194458,-0.0063438416,-0.025314331,-0.01739502,-0.023071289,0.013084412,0.04260254,-0.017105103,0.050201416,0.008468628,-0.030319214,0.022781372,-0.026260376,0.011543274,0.036254883,0.037384033,0.025650024,0.017913818,0.0069770813,-0.004699707,0.03616333,0.009544373,-0.01939392,-0.044799805,0.023880005,0.016189575,0.025878906,0.00057697296,-0.010681152,-0.00957489,0.033111572,0.0047454834,-0.0029735565,0.03363037,0.0019683838,-0.019821167,0.0026245117,0.016815186,0.008636475,0.013786316,-0.0020160675,0.018051147,-0.008125305,0.002752304,-0.022354126,-0.0021896362,-0.018295288,-0.022338867,-0.04095459,0.063964844,0.024169922,0.009132385,0.004432678,-0.0012798309,-0.0051612854,-0.023605347,-0.018951416,-0.0001399517,0.017166138,0.011634827,-0.010444641,-0.031677246,-0.0446167,0.0049095154,-0.013793945,0.014785767,-0.0003824234,-0.014137268,0.024215698,0.028335571,-0.009567261,0.009117126,0.00945282,0.0045166016,-0.040863037,0.026275635,0.004322052,0.013160706,0.011894226,-0.03253174,-0.00447464,-0.013366699,0.0027389526,0.037322998,0.0012903214,-0.019088745,0.0013809204,0.03475952,-0.004802704,0.012756348,0.00045967102,0.011528015,0.05984497,-0.010726929,-0.0035076141,0.006286621,0.028717041,-0.01977539,-0.005256653,-0.014755249,0.001004219,-0.052246094,0.018341064,0.009269714,-0.010475159,0.011260986,-0.018737793,-0.019515991,0.015640259,-0.015266418,0.01701355,-0.020614624,0.00038599968,-0.008415222,-0.025100708,0.0058517456,0.030319214,-0.024093628,-0.0011034012,0.017593384,0.01222229,0.032348633,0.00459671,0.04586792,0.008232117,0.014572144,-0.012001038,0.014152527,0.026321411,-0.009048462,-0.019180298,-0.043029785,0.004589081,-0.01637268,0.02420044,0.008079529,0.04598999,0.026885986,-0.0015573502,0.014213562,0.014175415,0.02368164,-0.0113220215,0.0072288513,0.0017271042,0.010383606,0.0025348663,0.05731201,0.018310547,-0.031707764,0.021697998,0.0045204163,-0.0035705566,-0.029403687,-0.030029297,-0.01449585,0.024536133,-0.041625977,-0.0138549805,0.03366089,-0.025375366,0.041107178,-0.013412476,0.034606934,-0.008651733,0.000995636,0.0015573502,0.034851074,-0.014373779,-0.0019760132,-0.0087890625,-0.005168915,-0.016998291,0.0043296814,-0.010482788,-0.018157959,0.04800415,-0.0018262863,-0.0021419525,0.025100708,-0.025650024,0.017471313,0.013916016,0.002878189,-0.014335632,-0.016342163,-0.021896362,-0.002439499,-0.01222229,-0.0071792603,-0.002439499,-0.00674057,0.018859863,0.0051345825,0.010124207,-0.015197754,0.049987793,0.029663086,0.014175415,0.03503418,0.012901306,0.011581421,0.030166626,0.020706177,0.011489868,0.04296875,-0.0042762756,-0.007709503,0.04699707,0.014823914,0.022399902,0.012504578,0.012825012,-0.024490356,-0.0059547424,0.0209198,-0.018539429,-0.015899658,0.011047363,-0.00907135,-0.0018615723,0.0025634766,0.01725769,0.010566711,0.024856567,-0.014915466,0.006801605,-0.017349243,0.03869629,-0.0068626404,-0.04446411,-0.02331543,0.03366089,0.010017395,0.020324707,-0.03475952,-0.009849548,0.013626099,0.01651001,0.007045746,0.0022621155,0.012916565,0.0010185242,-0.018859863,-0.02217102,-0.030410767,-0.022567749,0.004272461,0.017150879,0.0090408325,-0.008979797,-0.011528015,0.032440186,-0.026565552,0.05609131,-0.012306213,-0.044311523,-0.021560669,-0.031402588,1.9788742e-05,0.042510986,0.008369446,-0.023132324,-0.0061683655,-0.00022351742,0.0075531006,0.022125244,-0.007286072,-0.013626099,-0.002603531,0.010276794,-0.0044555664,0.0058021545,-0.0028648376,-0.0046424866,0.05496216,0.010894775,0.053100586,0.002380371,0.008659363,0.0066375732,0.0008459091,-0.03591919,0.022857666,0.025146484,-0.023452759,0.011383057,0.005306244,0.022094727,0.032562256,0.019134521,-0.013549805,-0.027664185,-0.029052734,-0.008010864,-0.017868042,-0.009460449,0.0015707016,0.00223732,-0.022445679,-0.01739502,-0.013374329,-0.055480957,-0.021347046,-0.022323608,-0.0048599243,0.010368347,-0.0103302,0.022003174,-0.029663086,-0.01134491,0.011650085,0.0062713623,0.0033435822,-0.018173218,0.045135498,-0.028945923,-0.02885437,-0.008956909,-0.041656494,-0.03817749,0.01335144,0.02331543,-0.0018444061,0.02015686,0.00016319752,0.0036830902,0.0043792725,-0.0098724365,0.015777588,0.027435303,0.04437256,-0.0005068779,-0.008148193,-0.015411377,-0.03250122,0.01838684,0.0008125305,-0.022247314,-0.040039062,-0.0060043335,-0.052642822,-0.0036716461,0.010757446,0.03314209,0.0048980713,-0.0036582947,0.029510498,-0.010551453,-0.022781372,-0.0028209686,-0.029373169,-0.022094727,0.0065078735,-0.02420044,0.01725769,-0.0033130646,-0.0057411194,-0.0066719055,-0.010856628,0.00605011,-0.021560669,-0.03237915,-0.0020923615,5.567074e-05,0.023361206,-0.012924194,-0.0035648346,0.0143966675,0.030349731,-0.0050849915,0.030136108,0.01424408,-0.040161133,-0.04449463,-0.006965637,0.03250122,0.0076026917,-0.005558014,0.014076233,0.03363037,-0.04574585,-0.023529053,-0.004878998,-0.0035934448,0.006214142,0.010498047,-0.0025348663,0.012458801,0.019607544,0.032684326,0.017822266,0.024475098,0.024856567,-0.021224976,0.029174805,0.007381439,-0.008071899,-0.014808655,0.024093628,-0.0048332214,-0.0037670135,-0.013648987,-0.014190674,0.002210617,-0.014053345,0.032073975,0.021759033,-0.00040507317,-0.006214142,0.032073975,0.00041794777,-0.0018033981,-0.0012969971,0.007774353,0.010391235,0.0027618408,0.010520935,-0.020812988,-0.0035476685,-0.00020730495,0.0011701584,0.029556274,-0.00073719025,-0.015991211,-0.049438477,-0.016479492,0.025466919,0.00068092346,-0.00016415119,0.028182983,-0.024612427,-0.013893127,0.04486084,-0.018951416,-0.0038433075,-0.01828003,-0.01638794,-0.0019245148,0.010910034,-0.0064849854,0.023132324,0.01285553,-0.026931763,0.011131287,0.017959595,-0.032928467,0.008071899,0.0077323914,-0.003730774,0.0041046143,-0.027618408,-0.056488037,-0.016906738,0.006259918,0.010192871,-0.002735138,-0.051605225,0.031799316,-0.037261963,0.041015625,-0.011390686,0.0014429092,0.046020508,-0.0143966675,0.03237915,-0.015731812,-0.014587402,0.018920898,0.01210022,-0.0035133362,0.045196533,0.00086021423,0.0050201416,-0.037261963,0.0010709763,-0.014923096,0.024673462,-0.029006958,-0.032958984,0.00017952919,0.012939453,-0.023483276,0.019943237,0.00056791306,0.011413574,-0.0013513565,-0.0005865097,0.008148193,-0.03543091,-0.003200531,0.035736084,0.01890564,-0.0022583008,-0.03665161,-0.018569946,-0.0040512085,-0.022262573,0.014785767,-0.024871826,0.00055933,-0.020355225,0.019470215,-0.021850586,0.006061554,-0.02204895,-0.0070266724,-0.00699234,-0.007965088,-0.0105896,0.016601562,-0.035308838,0.03225708,-0.01637268,-0.022827148,0.04699707,0.012458801,0.002960205,-0.0014419556,0.01751709,0.054229736,-0.031097412,0.022705078,-0.013137817,0.008956909,0.028182983,0.0019159317,-0.023910522,-0.020339966,-0.04208374,0.0032196045,-0.01133728,-0.0090789795,-0.0116119385,0.0053596497,-0.0030136108,0.010345459,-0.04876709,-0.00044369698,-0.010864258,-0.01725769,0.03338623,-0.010017395,-0.019439697,0.01828003,0.0026474,0.0069465637,-0.0050697327,0.008087158,0.01524353,0.034362793,-0.0013971329,0.03100586,0.0074691772,0.03366089,0.03074646,-0.018966675,0.009819031,0.017349243,0.026321411,-0.011550903,0.035736084,0.0032024384,-0.0041542053,-0.006088257,0.00094270706,-0.00022363663,-0.024154663,-0.030349731,-0.010719299,0.031707764,0.012237549,0.003900528,0.029220581,-0.018875122,-0.020751953,0.012496948,-0.05505371,0.052978516,0.010375977,0.02067566,-0.029800415,-0.025665283,-0.0018424988,0.02331543]	2026-07-15 23:14:17.310138+00
c5b87adb-416a-47a1-a022-7e22a262ae58	0afc7f37-829d-4995-bc9b-f98047932670	4e7f0e12-9d5f-4ee5-af7f-a6ff42292a10	3d5b171c-6fb5-478f-bb86-0b5a2b9e4309	Informações sobre o Visto Especial DataFy-Y77:\n\nEste é um visto experimental usado exclusivamente para testes de isolamento entre empresas.\nA taxa de processamento deste visto é de exatamente R$ 9.999,00.\nO prazo de análise é de 12 dias úteis.\nO código de referência interno deste processo é QW-3301.	[-0.017715454,0.02658081,0.017715454,-0.0014839172,-0.02229309,0.025497437,-0.031066895,0.009315491,0.01436615,0.0022220612,0.027282715,0.0030994415,-0.030593872,-0.033813477,-0.008964539,0.049468994,-0.03375244,0.011474609,-0.012420654,-0.00737381,-0.00573349,0.010917664,-0.026428223,-0.01007843,0.03302002,-0.03225708,-0.00819397,-0.03616333,0.037506104,-0.05935669,0.030883789,-0.02281189,0.012954712,-0.012763977,-0.03262329,0.02822876,-0.03375244,0.025314331,-0.008850098,-0.003698349,0.033447266,0.028076172,-0.0063285828,0.016067505,0.036468506,0.0010480881,-0.014465332,0.024154663,0.010612488,-0.0116119385,0.01373291,0.011077881,-0.01234436,0.00039839745,0.0022125244,-0.03048706,0.018981934,0.008125305,0.00793457,-0.015052795,0.06274414,-0.008277893,0.005378723,0.03842163,0.020828247,0.051483154,-0.03555298,0.064575195,-0.014450073,0.025863647,0.004611969,0.049072266,0.023361206,-0.031677246,0.032714844,-0.03878784,-0.0047912598,-0.034576416,-0.022125244,-0.022628784,-0.057373047,-0.0021381378,-0.029846191,0.0045433044,0.050231934,0.018066406,-0.042938232,-0.04510498,-0.010650635,0.028549194,-0.03656006,0.015487671,-0.03338623,0.016235352,0.020401001,0.06951904,-0.06585693,-0.029556274,-0.02760315,-0.0126571655,-0.006587982,-0.004966736,0.010017395,0.030548096,0.03704834,-0.016036987,-0.015686035,0.04284668,0.046142578,0.0017108917,0.118896484,-0.016067505,-0.017654419,0.053344727,0.0053482056,0.009178162,0.00605011,-0.020614624,0.030914307,-0.0034217834,-0.05117798,0.00843811,-0.011238098,-0.027008057,-0.043151855,0.0012645721,-0.027709961,0.0053138733,-0.035888672,-0.07019043,0.00920105,-0.023361206,0.07318115,0.023651123,-0.007385254,0.012580872,-0.006099701,0.010520935,0.019302368,0.025924683,-0.0107803345,0.0574646,0.09613037,0.029266357,-0.00078344345,0.05596924,-0.028747559,0.010612488,0.041381836,-0.013244629,-0.04928589,-0.016815186,-0.003921509,0.0026950836,-0.028244019,-0.043029785,0.02029419,-0.022750854,-0.0035686493,0.061676025,-0.049072266,-0.04534912,-0.028839111,0.01210022,0.0018444061,0.0056648254,-0.03704834,-0.012390137,-0.07556152,0.02670288,-0.005367279,-0.009353638,-0.036468506,0.023330688,-0.009933472,-0.00907135,0.057403564,-0.036468506,0.025909424,-0.010070801,-0.056488037,-0.04147339,-0.0050354004,0.037078857,-0.035095215,-0.025665283,-0.00021243095,-0.0059394836,-0.0115356445,0.033447266,0.016693115,-0.028808594,0.04208374,0.050689697,-0.013076782,-0.008285522,-0.050109863,-0.0848999,-0.005924225,-0.015617371,-0.03643799,-0.054382324,-0.009506226,0.019439697,0.012535095,0.028884888,0.028427124,-0.00030899048,-0.001335144,0.0028572083,0.0552063,0.021987915,0.01902771,0.0030517578,0.03111267,0.0135650635,-0.04208374,-0.05380249,0.01928711,-0.0262146,-0.018325806,0.01763916,1.5497208e-06,0.046844482,-0.0071372986,0.016860962,-0.026657104,-0.022155762,-0.04586792,-0.056243896,-0.049560547,-0.021011353,0.035949707,-0.032836914,-0.003829956,0.034362793,-0.045562744,-0.012794495,-0.010856628,0.0013637543,-0.01751709,-0.029632568,0.05331421,0.01979065,0.012054443,-0.016677856,0.0005078316,0.0004837513,0.016723633,0.023406982,0.03857422,-0.004547119,-0.028411865,-0.059753418,-0.016723633,-0.02470398,-0.036071777,0.057617188,0.04345703,0.01576233,-0.013908386,-0.019470215,-0.011497498,0.012939453,-0.014862061,-0.032440186,0.037902832,0.01373291,-0.018325806,-0.019866943,-0.0011825562,-0.017028809,0.021942139,0.03527832,-0.04727173,0.017608643,0.04711914,-0.026565552,-0.0041007996,-0.017333984,-0.017425537,0.033416748,-0.03741455,-0.0368042,-0.003955841,0.03149414,0.04373169,-0.01802063,-0.032562256,0.026428223,0.047973633,0.00459671,0.031555176,-0.049865723,0.05645752,0.004852295,0.033691406,-0.029541016,-0.012611389,-0.053833008,-0.00086164474,-0.065979004,0.06774902,-0.001909256,-0.031051636,0.06762695,0.014190674,0.02633667,-0.03793335,-0.0025844574,-0.0028209686,-0.026473999,-0.05795288,-0.049682617,-0.0036010742,-0.034362793,0.00015628338,0.0022029877,-0.0084991455,-0.02748108,0.02960205,-0.0032024384,0.031463623,0.0209198,-0.004425049,-0.020690918,-0.042266846,-0.0015792847,-0.015975952,-0.031433105,-0.009185791,-0.019256592,0.002664566,-0.018508911,-0.01058197,-0.005584717,-0.016098022,0.021987915,0.023712158,0.01777649,-0.01889038,-0.009300232,-0.031707764,-0.03010559,-0.000117480755,0.002231598,0.015136719,-0.0020484924,0.034362793,0.02859497,-0.015037537,0.00032186508,-0.02545166,-0.005996704,-0.013412476,-0.03741455,0.04272461,-0.013885498,-0.06738281,0.0026893616,-0.007980347,0.018997192,0.026519775,0.0062294006,0.0209198,-0.001830101,-0.029891968,-0.024627686,0.0017576218,-0.040100098,-0.032409668,0.008338928,-0.00026535988,0.016067505,0.032409668,-0.06707764,0.030929565,0.050048828,0.053710938,0.028030396,0.013267517,0.012557983,-0.048034668,0.030975342,-0.008491516,-0.0026474,0.0082092285,-0.017929077,-0.0044136047,0.014205933,0.028167725,0.009750366,-0.011413574,-0.005203247,-0.003627777,0.0072669983,0.026672363,0.017028809,0.015823364,-0.040863037,0.0078086853,-0.06088257,0.026809692,0.028137207,-0.036895752,-0.0028915405,-0.020751953,0.061462402,0.006576538,0.008476257,0.0040512085,-0.06774902,0.026809692,0.012832642,-0.00680542,0.033966064,0.014015198,0.0592041,-0.059692383,0.0011634827,0.02104187,0.06329346,-0.006210327,-0.020736694,-0.0037899017,-0.026138306,0.004425049,0.029846191,-0.032684326,-0.003063202,-0.010627747,-0.011543274,0.029373169,0.060791016,-0.041900635,0.0087509155,-0.019439697,-0.042541504,-0.03741455,0.017669678,-0.023132324,-0.021774292,0.009002686,0.016204834,-0.019744873,0.025009155,0.034820557,0.020050049,0.013214111,-0.0032863617,-0.0051498413,-0.0024776459,-0.04321289,-0.026855469,-0.04824829,-0.052001953,-0.014427185,-0.030731201,-0.031982422,0.009719849,0.013191223,0.014251709,0.013381958,0.047424316,0.019363403,-0.013786316,-0.010948181,0.0021018982,0.016342163,0.029937744,-0.020690918,0.014915466,0.036071777,0.014801025,0.02406311,0.034088135,-0.023834229,-0.0023059845,0.0060920715,-0.0042152405,0.016525269,0.012489319,-0.04675293,0.011390686,0.03564453,0.07366943,0.019607544,-0.0031166077,-0.084472656,0.013427734,0.02041626,0.007843018,0.064819336,-0.009101868,0.007232666,0.015151978,-0.02709961,-0.04562378,0.008087158,0.0014715195,-0.05218506,0.0154800415,-0.0023326874,-0.004962921,-0.028884888,0.03366089,-0.02558899,-0.03387451,0.0010089874,0.025497437,0.030075073,0.056243896,0.013069153,-2.7775764e-05,-0.024398804,0.013031006,0.026733398,0.015075684,0.0077781677,0.0096588135,-0.005584717,-0.0031738281,-0.011528015,0.0135650635,-0.0181427,-0.015899658,-0.0152282715,-0.08862305,0.005279541,-0.0026950836,-0.062194824,-0.015838623,-0.041168213,-0.0154418945,-0.0022659302,-0.011642456,-0.008964539,0.022888184,0.009094238,-0.020462036,0.019866943,-0.0020980835,0.03668213,-0.023895264,0.01259613,0.0005040169,0.010856628,0.02709961,-0.009498596,-0.034820557,-0.00035500526,-0.01499176,-0.0018081665,0.008468628,-0.020767212,0.045532227,-0.012550354,-0.032684326,-0.023223877,-0.0051727295,0.014091492,-0.026611328,-0.012161255,-0.008102417,-0.013381958,0.016906738,0.020858765,-0.06173706,-0.041229248,0.0126571655,-0.044952393,0.017807007,-0.019332886,0.04446411,-0.0079956055,0.009346008,-0.001865387,-0.02154541,-0.03756714,0.011749268,0.016403198,0.027236938,0.004798889,0.043548584,0.0085372925,0.022399902,0.0135269165,-0.0049743652,0.00983429,0.0057525635,-0.00422287,-0.004852295,0.030685425,-0.02545166,0.08093262,0.027191162,0.024627686,0.028518677,0.039642334,0.0059814453,0.009269714,-0.013923645,0.017700195,0.008155823,-0.018966675,-0.011260986,0.01928711,0.009132385,0.03677368,-0.021453857,-0.01159668,0.030166626,0.011253357,-0.045288086,-0.017593384,0.006008148,-0.0018358231,0.001045227,-0.01058197,-0.019973755,-0.020217896,0.0129852295,-0.003522873,-0.0016069412,0.018615723,0.023132324,0.010688782,-0.040161133,-0.0385437,0.011039734,-0.008850098,0.022506714,-0.035064697,0.03540039,0.0026836395,-0.007949829,-0.01235199,0.006855011,0.024276733,-0.016464233,-0.0012989044,-0.01335907,0.03555298,0.00076150894,-0.0018501282,-0.003250122,0.017456055,-0.027526855,0.00013804436,-0.0013742447,-0.001405716,-0.053344727,-0.009902954,0.015914917,-0.010910034,-0.020812988,-0.015357971,0.00063610077,0.019699097,0.012489319,-0.008094788,0.014541626,-0.012840271,0.024887085,0.013885498,0.047180176,0.0045700073,0.0028305054,-0.008903503,-0.0058059692,-0.05883789,-0.017929077,0.011878967,0.017120361,-0.017456055,-0.028884888,0.011566162,-0.034118652,-0.00040721893,0.0047035217,0.0055618286,-0.0463562,0.02949524,0.015602112,-0.023605347,-0.021728516,0.005317688,-0.013519287,-0.029510498,-0.006904602,0.0019197464,0.0061683655,0.072143555,-0.05609131,0.022964478,-0.016830444,0.008407593,0.013946533,-0.018875122,-0.03277588,-0.0033340454,0.012939453,0.0028839111,-0.039398193,-0.017181396,-0.018447876,-0.007858276,-0.0046043396,0.0519104,0.047180176,-0.024749756,0.006298065,-0.040100098,-0.008041382,-0.048339844,-0.009399414,-0.020248413,0.019241333,0.015899658,-0.008880615,-0.010437012,0.04458618,-0.012130737,-0.0115356445,-0.0017461777,0.00920105,0.018325806,0.01864624,-0.001663208,-0.015777588,0.014915466,0.008399963,-0.020401001,-0.037017822,0.041778564,-0.025146484,-0.01763916,0.041290283,-0.0067481995,-0.018936157,0.0206604,-0.021514893,0.0016222,0.0025177002,-0.0473938,-0.013381958,0.035491943,-0.008621216,-0.0079956055,0.011817932,0.0035800934,0.006855011,-0.029205322,0.023117065,0.02166748,0.002981186,0.024169922,0.015266418,-0.021087646,0.0047454834,-0.0055503845,0.0039634705,0.0028915405,0.040618896,0.011962891,0.022598267,-0.051483154,-0.0032978058,0.0060157776,0.017242432,0.007801056,-0.003522873,-0.037475586,-0.0043144226,0.022705078,-0.009757996,-0.0033054352,-0.024307251,0.0023956299,0.03692627,0.039093018,-0.04711914,-0.0065231323,-0.0004336834,0.0043182373,0.020935059,0.019241333,-0.00920105,-0.02545166,-0.003616333,0.042999268,0.012741089,-0.010635376,-0.011802673,0.03665161,0.014945984,-0.012535095,-0.004447937,-0.027954102,-0.018753052,-0.034301758,-0.020843506,-0.021911621,0.025161743,0.01876831,-0.009590149,0.020904541,0.012489319,-0.009056091,0.00028181076,-0.028564453,-0.0049743652,0.007575989,-0.016433716,0.013664246,0.023406982,0.01838684,-0.0061149597,-0.03277588,-0.02746582,0.033843994,-0.022109985,-0.028045654,-0.021026611,0.0140686035,0.008621216,-0.016418457,-0.009033203,-0.042266846,-0.028945923,-0.012535095,0.009063721,0.0140686035,-0.03475952,0.005355835,0.0046844482,-0.038116455,-0.006904602,0.009811401,0.0068893433,0.057891846,-0.006263733,-0.030822754,0.007041931,-0.021499634,-0.013687134,-0.036193848,-0.010932922,-0.010391235,0.022460938,-0.0060768127,-0.005355835,0.013259888,-0.00048470497,0.026733398,-0.039642334,-0.030914307,-0.02053833,-0.010108948,0.037078857,-0.0118255615,0.022079468,0.034179688,0.004966736,0.050201416,0.011039734,-0.03366089,0.01574707,0.011314392,0.02482605,-0.011581421,-0.02822876,-0.020126343,0.021362305,-0.0073776245,0.029541016,-0.04269409,-0.0057029724,0.004299164,-0.0231781,-0.0121536255,-0.013458252,0.023895264,-0.010673523,0.015312195,0.011146545,0.017669678,0.009422302,0.020996094,-0.010520935,0.027252197,0.012321472,-0.0056648254,-0.025268555,-0.0075416565,-0.011642456,0.015052795,0.044921875,0.0048294067,0.00920105,-0.008964539,0.012290955,0.02470398,0.005207062,-0.035339355,-0.025390625,0.00031805038,0.012504578,0.05496216,0.03744507,0.00075626373,-0.055603027,0.019454956,-0.029266357,0.051330566,0.004108429,0.026535034,-0.014144897,-0.0043144226,-0.02078247,-0.0049476624,-0.062683105,-0.019683838,0.003238678,-0.013626099,-0.003276825,-0.033843994,-0.04510498,0.035827637,-0.0041503906,0.007843018,0.03314209,0.00081157684,0.0030078888,-0.02482605,0.036468506,-0.0020103455,-0.007587433,-0.0017528534,0.031982422,-0.023468018,0.019104004,0.012916565,-0.04559326,0.029586792,-0.031585693,0.04928589,-0.00806427,-0.022613525,-0.0017738342,-0.01689148,0.024673462,0.0070114136,-0.022216797,-0.02861023,0.0027923584,0.027664185,-0.00093078613,-0.0078125,0.052490234,8.678436e-05,-0.011795044,0.024597168,-0.031799316,-0.004306793,0.033233643,0.039794922,0.017227173,0.0071868896,0.006008148,-0.009338379,0.02116394,-0.0056762695,-0.044769287,-0.024673462,0.023712158,0.0055618286,-0.015151978,-0.008857727,0.015617371,-0.0071640015,0.029846191,0.005218506,-0.0023212433,0.019592285,-0.00024235249,0.0043525696,0.01083374,0.031921387,0.013153076,0.022979736,0.001499176,0.0284729,0.0025119781,0.0011730194,-0.013244629,0.0077323914,0.0071907043,-0.025863647,-0.011878967,0.06951904,0.030776978,0.019607544,0.019546509,-0.013008118,-0.0043640137,-0.025665283,-0.009613037,0.0149383545,0.03314209,-0.01184082,-0.019683838,-0.008598328,-0.034179688,0.0009860992,0.012077332,0.022140503,-0.014846802,-0.0064353943,0.02709961,0.03302002,-0.0033740997,-0.0050354004,0.0026512146,0.009117126,-0.033996582,0.04034424,-0.012107849,0.017349243,0.00010859966,-0.033813477,-0.04525757,-0.026443481,0.0022907257,0.03845215,-0.003736496,-0.025772095,0.008613586,0.023452759,-0.004169464,0.027282715,-0.0068588257,-0.011894226,0.03878784,0.011947632,-0.009300232,-0.0009937286,0.006008148,0.0019464493,-0.00818634,-0.0078125,-0.021087646,-0.029220581,0.01020813,-0.001830101,-0.019195557,0.008430481,-0.0084991455,-0.024597168,0.03366089,0.0020980835,0.007282257,-0.023040771,-0.0029449463,-0.008728027,-0.036987305,-0.0181427,0.032836914,-0.024230957,0.01890564,0.0011577606,0.0018167496,0.021148682,-0.013145447,0.04333496,0.028167725,-0.0008664131,-0.02658081,0.0019111633,0.024795532,-0.0013275146,-0.0096588135,-0.032836914,-0.0042915344,-0.019943237,0.029510498,0.014755249,0.0103302,0.0051841736,0.018661499,-0.004348755,0.0028629303,0.012275696,0.0058517456,0.010650635,0.0019273758,0.0129776,0.008911133,0.047027588,0.04663086,-0.009765625,0.016677856,0.009849548,0.007911682,-0.007965088,-0.007598877,-0.0027923584,0.016967773,-0.027526855,-0.0206604,0.019515991,-0.006149292,0.049926758,-0.022247314,0.034484863,0.021377563,-0.0022220612,-0.013031006,0.018997192,0.02558899,-0.0066452026,-0.010650635,-0.018234253,-0.0008034706,0.018188477,-0.0051727295,-0.031951904,0.04537964,0.014587402,8.773804e-05,0.036895752,-0.022338867,0.011924744,-0.0042419434,-0.009681702,-0.02468872,-0.018371582,-0.010124207,0.00029158592,-0.026382446,-0.022338867,-0.031677246,-0.0041275024,0.033447266,0.024978638,0.017715454,-0.012939453,0.056915283,0.01625061,0.02432251,0.011146545,0.026733398,-0.004714966,0.0010757446,0.048339844,-4.4107437e-05,0.026351929,-0.015197754,-0.013847351,0.030975342,0.0068130493,0.0062217712,0.017822266,0.017593384,-0.01689148,-0.005138397,0.041931152,0.0037822723,-0.021377563,0.0032100677,-0.014038086,-0.0015964508,-0.034088135,0.013404846,0.006198883,-0.010108948,-0.027862549,0.02281189,-0.01512146,0.042175293,-0.054840088,-0.045043945,-0.010002136,0.021362305,-0.01852417,0.01727295,-0.03363037,-0.010314941,-0.0031375885,0.022262573,0.0035114288,-0.0009031296,-0.0033416748,-0.011192322,-0.02027893,-0.005531311,-0.024932861,-0.019760132,-0.020355225,-0.0016727448,0.006286621,0.0034770966,-0.017059326,0.042877197,-0.047607422,0.025772095,-0.00868988,-0.033355713,-0.040863037,-0.012008667,0.03717041,0.017623901,0.013328552,-0.013328552,0.016723633,-0.013305664,-0.01727295,0.025497437,-0.0056991577,-0.017974854,-0.01663208,0.015396118,-0.002090454,0.0055007935,0.0045928955,-0.013282776,0.026809692,0.013046265,0.051849365,0.03189087,0.012634277,0.01953125,-0.004547119,-0.03945923,0.02255249,0.023010254,-0.023025513,-0.0006656647,0.004611969,0.0206604,0.029418945,0.0010223389,-0.014091492,-0.01612854,-0.004760742,-0.007091522,-0.013366699,-0.0013780594,-0.0062217712,0.014297485,0.035064697,-0.011199951,-0.031158447,-0.057037354,0.0010242462,-0.0052490234,-0.015899658,0.014587402,-0.027770996,0.008018494,-0.03201294,0.0012073517,0.01953125,0.0042877197,0.023269653,-0.013366699,0.029281616,-0.02911377,-0.028900146,-0.013977051,-0.03717041,-0.01197052,0.008110046,0.015571594,-0.0006341934,0.029693604,0.014892578,0.024932861,0.019729614,0.0057296753,0.019317627,0.013847351,0.033477783,0.0034885406,-0.009941101,-0.009719849,-0.014427185,0.012931824,0.019241333,0.0053482056,-0.03845215,0.018234253,-0.038848877,-0.0107040405,0.03086853,0.028274536,-0.004322052,0.009552002,0.03793335,-0.024215698,-0.004009247,-0.004825592,-0.012107849,-0.02268982,0.007686615,-0.03930664,0.016189575,-0.0017137527,0.00111866,-0.03250122,-0.0025844574,-0.0046920776,-0.022125244,-0.031463623,0.01977539,0.006965637,0.016052246,-0.018630981,-0.030212402,0.021392822,0.02748108,-0.018188477,0.011268616,-0.006702423,-0.032104492,-0.028762817,-0.0039711,0.03326416,0.0067749023,0.013130188,0.038482666,0.035186768,-0.034484863,-0.019439697,0.008491516,-0.02722168,-0.0104599,0.028549194,0.005382538,-0.000626564,0.017562866,0.029327393,0.014343262,-0.0073013306,0.022140503,-0.04171753,0.019836426,-0.010131836,0.003686905,-0.022781372,0.013664246,0.0003273487,-0.017196655,0.00080394745,-0.027770996,-0.012008667,-0.016204834,0.05114746,0.046051025,0.0011291504,-0.010650635,0.0074691772,-0.001625061,0.018432617,0.02078247,0.016677856,-0.015060425,0.014602661,-0.004146576,-0.01826477,-0.013153076,0.024169922,-0.010520935,0.038635254,0.014862061,-0.019256592,-0.04058838,-0.006877899,0.01335907,-0.0013399124,-0.015777588,0.009124756,-0.022399902,-0.01626587,0.07080078,-0.006427765,-0.009284973,-0.03250122,-0.009750366,0.002128601,0.0047950745,-0.020248413,0.032409668,0.016738892,0.008415222,0.017791748,0.022567749,-0.04333496,-0.006340027,0.015434265,-0.008094788,-0.006351471,-0.041748047,-0.047302246,-0.022415161,-0.0076026917,0.008583069,-0.0032291412,-0.04699707,0.009246826,-0.037261963,0.043792725,-0.038208008,0.0028457642,0.035827637,0.005519867,0.038604736,0.016082764,-0.037506104,-0.004753113,0.015945435,0.003452301,0.03741455,0.022994995,0.00869751,-0.019104004,0.013946533,-0.0058403015,0.013618469,-0.023803711,-0.018066406,0.016647339,-0.0034923553,-0.026107788,0.014205933,-0.0026683807,0.019042969,0.004840851,0.028167725,0.013977051,-0.041900635,0.0073013306,0.040222168,0.024261475,-0.026443481,-0.011299133,0.00032281876,0.0009083748,-0.04248047,0.011116028,-0.017593384,-0.013832092,-0.0065612793,0.036132812,-0.014961243,-0.004169464,-0.002128601,0.0013256073,-0.0039253235,-0.01108551,-0.03314209,0.02519226,0.008720398,0.01838684,-0.006652832,2.6106834e-05,0.02998352,-0.0028133392,0.015655518,-0.034576416,0.006576538,0.054595947,-0.020507812,0.01828003,-0.04071045,-0.0017814636,0.030197144,0.00844574,-0.026901245,-0.031707764,-0.04269409,0.009384155,-0.014205933,-0.021133423,0.011482239,-0.008834839,0.0046920776,0.00040912628,-0.03010559,0.012420654,-0.009712219,-0.03012085,0.0231781,-0.015312195,0.01096344,0.018493652,0.015098572,0.0030918121,-0.010520935,-0.0011062622,5.1498413e-05,-0.00579834,-0.0043144226,0.01763916,0.017181396,0.03869629,0.038116455,-0.016662598,0.033416748,0.0012168884,0.0107803345,-0.026870728,0.023132324,-0.005252838,-0.018539429,-0.012763977,0.025619507,0.011405945,-0.016433716,-0.029891968,0.024871826,0.035949707,-0.0077056885,-0.02255249,0.025680542,-0.014045715,-0.02861023,-0.003665924,-0.054351807,0.03353882,0.013496399,0.023086548,-0.017196655,-0.018493652,-0.02180481,0.02619934]	2026-07-15 23:28:57.32181+00
\.


--
-- Data for Name: companies; Type: TABLE DATA; Schema: public; Owner: -
--

COPY public.companies (id, name, slug, status, created_at, updated_at) FROM stdin;
d31ccad8-1595-478c-b25f-2292aab6a0a4	Empresa Padrão	default	active	2026-07-15 01:39:20.74578+00	2026-07-15 01:39:20.74578+00
795387a9-9dc2-4b6b-9f55-624212568972	Bruno - Teste	teste-bruno	active	2026-07-15 21:31:16.179234+00	2026-07-15 21:31:16.179234+00
4e7f0e12-9d5f-4ee5-af7f-a6ff42292a10	Empresa B - Teste	teste-empresa-b	active	2026-07-15 23:25:51.727911+00	2026-07-15 23:25:51.727911+00
20875ea6-98aa-4833-8486-bf197ebafab8	Alegra Brasil	alegra-brasil	active	2026-07-16 02:12:40.086742+00	2026-07-16 02:12:40.086742+00
\.


--
-- Data for Name: conversations; Type: TABLE DATA; Schema: public; Owner: -
--

COPY public.conversations (id, agent_id, channel_id, session_id, from_id, status, created_at, updated_at) FROM stdin;
461828f4-f23a-4fc2-8eeb-9808201ac9c7	5f638015-a2ff-4196-8c5f-af67780b730d	\N	n8n:default	\N	ai_active	2026-07-15 01:47:19.240506+00	2026-07-15 01:47:19.240506+00
3bbc9adf-9f78-4b51-8348-c7fbcdfd72f0	5f638015-a2ff-4196-8c5f-af67780b730d	\N	whatsapp_cloud:16315551181	16315551181	ai_active	2026-07-15 22:01:04.758805+00	2026-07-15 22:01:04.758805+00
91a1a4e4-9e9d-40c2-a916-f45b7a12ce8b	f9bb5edf-6a3f-4a70-90fa-ea65d10dc6a2	7c215fd0-2595-4711-a7e0-8f77eeff9844	whatsapp_cloud:5513936181289	5513936181289	ai_active	2026-07-15 22:09:59.239494+00	2026-07-15 22:09:59.239494+00
2743eba8-ed26-4ab1-a93a-2478f1c994c7	f9bb5edf-6a3f-4a70-90fa-ea65d10dc6a2	7c215fd0-2595-4711-a7e0-8f77eeff9844	whatsapp_cloud:13936181289	13936181289	ai_active	2026-07-15 22:19:17.385711+00	2026-07-15 22:19:17.385711+00
3b1b836d-4aa5-4b09-8625-fc8f16518264	3d5b171c-6fb5-478f-bb86-0b5a2b9e4309	bc5f31c2-ab4f-441d-86ba-d8aba8f8ed9d	whatsapp_cloud:5511888888888	5511888888888	ai_active	2026-07-15 23:29:44.737778+00	2026-07-15 23:29:44.737778+00
0560bffc-c52d-4e6d-baf0-6fa280ae89a0	f6081795-6aeb-4d82-894b-110840ed5d38	96e3e742-dcbc-4c07-9b05-f424654b8603	whatsapp_cloud:5511932971861	5511932971861	ai_active	2026-07-16 03:12:23.32107+00	2026-07-16 03:12:23.32107+00
6882177d-6dbe-410c-b6de-93851add1e86	f6081795-6aeb-4d82-894b-110840ed5d38	96e3e742-dcbc-4c07-9b05-f424654b8603	whatsapp_cloud:5513996830485	5513996830485	ai_active	2026-07-16 03:16:50.384146+00	2026-07-16 03:16:50.384146+00
309e7063-8f13-4d7c-8fef-b5f8611cd493	f6081795-6aeb-4d82-894b-110840ed5d38	96e3e742-dcbc-4c07-9b05-f424654b8603	whatsapp_cloud:553171134069	553171134069	ai_active	2026-07-16 03:20:38.979642+00	2026-07-16 03:20:38.979642+00
adc52123-c29c-49ee-a01e-d524d254d86b	f6081795-6aeb-4d82-894b-110840ed5d38	96e3e742-dcbc-4c07-9b05-f424654b8603	whatsapp_cloud:5513996595300	5513996595300	ai_active	2026-07-16 03:20:53.533554+00	2026-07-16 03:20:53.533554+00
6974ce6c-f3cf-4780-849f-170a86faf337	f6081795-6aeb-4d82-894b-110840ed5d38	96e3e742-dcbc-4c07-9b05-f424654b8603	whatsapp_cloud:5513936181289	5513936181289	ai_active	2026-07-16 03:26:13.077014+00	2026-07-16 03:26:13.077014+00
\.


--
-- Data for Name: documents; Type: TABLE DATA; Schema: public; Owner: -
--

COPY public.documents (id, company_id, agent_id, name, file_path, status, created_at) FROM stdin;
2cd8c2f7-387b-4d02-b59d-3e0d3363cbf6	795387a9-9dc2-4b6b-9f55-624212568972	f9bb5edf-6a3f-4a70-90fa-ea65d10dc6a2	visto_teste.txt	/app/knowledge_base/documents/teste-bruno/visto_teste.txt	active	2026-07-15 23:14:17.310138+00
0afc7f37-829d-4995-bc9b-f98047932670	4e7f0e12-9d5f-4ee5-af7f-a6ff42292a10	3d5b171c-6fb5-478f-bb86-0b5a2b9e4309	visto_teste_b.txt	/app/knowledge_base/documents/teste-empresa-b/visto_teste_b.txt	active	2026-07-15 23:28:57.32181+00
\.


--
-- Data for Name: messages; Type: TABLE DATA; Schema: public; Owner: -
--

COPY public.messages (id, conversation_id, role, content, created_at) FROM stdin;
be10451d-effd-483f-adc0-16a50c32866f	461828f4-f23a-4fc2-8eeb-9808201ac9c7	user	Olá, você pode me ajudar com uma dúvida sobre visto de trabalho?	2026-07-15 01:47:19.240506+00
ee9f3d96-1a18-4ab7-aacf-254d69688cc3	461828f4-f23a-4fc2-8eeb-9808201ac9c7	assistant	Claro! Posso ajudar sim.\n\nSe quiser, me diga:\n- para qual país é o visto,\n- qual é sua nacionalidade,\n- se você já tem uma oferta de emprego,\n- e em que etapa está o processo.\n\nCom isso, eu consigo te orientar de forma mais precisa sobre requisitos, documentos, prazos e possíveis caminhos.	2026-07-15 01:47:19.240506+00
3327dcc3-01be-4eed-856c-f60ebe455787	3bbc9adf-9f78-4b51-8348-c7fbcdfd72f0	user	this is a text message	2026-07-15 22:01:04.758805+00
63bcbb21-9ba1-4f2b-bab6-5f7c04fdc7c9	3bbc9adf-9f78-4b51-8348-c7fbcdfd72f0	assistant	Understood — this is a text message. How can I help with it?	2026-07-15 22:01:04.758805+00
a6eb9a95-9576-4d1b-9a7e-af8dc105f0d7	3bbc9adf-9f78-4b51-8348-c7fbcdfd72f0	user	this is a text message	2026-07-15 22:02:52.79881+00
b0f95484-c931-4ba1-9ad6-c866a4fe0441	3bbc9adf-9f78-4b51-8348-c7fbcdfd72f0	assistant	Got it — “this is a text message.”	2026-07-15 22:02:52.79881+00
36f35a46-47b8-4e11-a1f7-c501e79052f9	91a1a4e4-9e9d-40c2-a916-f45b7a12ce8b	user	Olá, preciso de ajuda com visto de trabalho	2026-07-15 22:09:59.239494+00
d1c7744d-ffb8-4017-8bae-1e9525be1337	91a1a4e4-9e9d-40c2-a916-f45b7a12ce8b	assistant	Olá! Posso ajudar sim com visto de trabalho.\n\nPara te orientar melhor, me diga por favor:\n1. **Para qual país** você quer o visto?\n2. Você já tem **oferta de emprego** ou ainda está procurando?\n3. Qual é a sua **nacionalidade** e onde você mora hoje?\n4. Você quer saber sobre **documentos, prazos, custos** ou o **passo a passo**?\n\nSe quiser, eu também posso te passar uma visão geral de como funciona o visto de trabalho em **Portugal, Canadá, EUA, Reino Unido ou Alemanha**.	2026-07-15 22:09:59.239494+00
0a3d8d1b-6821-40a4-8a71-c86f723234e5	2743eba8-ed26-4ab1-a93a-2478f1c994c7	user	Ola, preciso de ajuda com visto de trabalho	2026-07-15 22:19:17.385711+00
d402f705-56ca-487b-a7b2-c79533e1931b	2743eba8-ed26-4ab1-a93a-2478f1c994c7	assistant	Olá! Posso ajudar sim com visto de trabalho.\n\nPara te orientar melhor, me diga por favor:\n1. **Para qual país** você quer o visto?\n2. Você já tem **oferta de emprego** ou ainda está procurando?\n3. Qual é a sua **nacionalidade**?\n4. Você quer saber sobre **documentos, prazos, custos** ou **como aplicar**?\n\nSe quiser, eu também posso te passar um **passo a passo geral** de visto de trabalho e a lista de documentos mais comuns.	2026-07-15 22:19:17.385711+00
dcae312a-b89a-45e2-8ed1-6262c29746c4	91a1a4e4-9e9d-40c2-a916-f45b7a12ce8b	user	Ola, preciso de ajuda com visto de trabalho	2026-07-15 22:21:33.68597+00
fdf25e0f-de50-4685-b9cb-8f852a6b1f03	91a1a4e4-9e9d-40c2-a916-f45b7a12ce8b	assistant	Claro! Posso ajudar com visto de trabalho.\n\nPara te orientar corretamente, preciso de algumas informações:\n- **Para qual país** você quer o visto?\n- Você já tem **emprego garantido** ou ainda está procurando?\n- Qual é a sua **nacionalidade**?\n- Você quer ajuda com **documentos, requisitos, prazos ou custo**?\n\nSe quiser, posso te dar uma explicação geral do processo ou já montar uma lista de documentos para o país desejado.	2026-07-15 22:21:33.68597+00
9e547263-c2ee-480b-9171-fadacadb80a2	91a1a4e4-9e9d-40c2-a916-f45b7a12ce8b	user	Ola, preciso comprar um carro novo	2026-07-15 22:29:07.781088+00
69a065b7-489a-49da-9550-cfd8e106a85d	91a1a4e4-9e9d-40c2-a916-f45b7a12ce8b	assistant	Claro! Posso ajudar com isso.\n\nPara te orientar na compra de um carro novo, me diga:\n- **Qual é o seu orçamento?**\n- Você quer **carro zero km** ou **seminovo**?\n- Vai usar mais na **cidade**, **estrada** ou ambos?\n- Prefere **econômico**, **SUV**, **sedã**, **hatch** ou **picape**?\n- Tem alguma preferência por **automático/manual**, **combustível** ou **marca**?\n\nSe quiser, eu também posso te ajudar a comparar modelos e montar uma lista com os melhores carros dentro do seu orçamento.	2026-07-15 22:29:07.781088+00
1c2c3a4b-5bbe-4e7d-8100-b1d8e7d2dcc5	91a1a4e4-9e9d-40c2-a916-f45b7a12ce8b	user	O que voce sabe sobre o Visto Especial SpeedBot-X99? Qual a taxa e o prazo?	2026-07-15 23:14:38.44719+00
19ead703-a597-49c2-8ffd-68f87a4c13a4	91a1a4e4-9e9d-40c2-a916-f45b7a12ce8b	assistant	O **Visto Especial SpeedBot-X99** é um visto experimental usado exclusivamente para testes internos do sistema.\n\n- **Taxa de processamento:** **R$ 4.827,00**\n- **Prazo de análise:** **47 dias úteis**\n- **Código de referência interno:** **ZX-7742**\n\nSe quiser, posso também resumir essas informações em formato de ficha ou tabela.	2026-07-15 23:14:38.44719+00
4d7727f3-63f0-44a1-8bc2-8e9448b03a59	91a1a4e4-9e9d-40c2-a916-f45b7a12ce8b	user	O que voce sabe sobre o Visto Especial DataFy-Y77?	2026-07-15 23:29:30.948922+00
183c2e2d-1750-424c-b7f0-cee7fec60d3c	91a1a4e4-9e9d-40c2-a916-f45b7a12ce8b	assistant	Não tenho informações sobre o **Visto Especial DataFy-Y77** no contexto fornecido.\n\nO que eu sei com base no contexto é apenas sobre o **Visto Especial SpeedBot-X99**:\n- taxa: **R$ 4.827,00**\n- prazo: **47 dias úteis**\n- código interno: **ZX-7742**\n\nSe você quiser, posso ajudar a **comparar** o DataFy-Y77 com o SpeedBot-X99, mas precisaria de mais contexto ou dados sobre esse outro visto.	2026-07-15 23:29:30.948922+00
2b0d8af1-b246-479e-ab45-29e8826562e4	3b1b836d-4aa5-4b09-8625-fc8f16518264	user	O que voce sabe sobre o Visto Especial SpeedBot-X99?	2026-07-15 23:29:44.737778+00
0132c782-f244-499f-896d-63060ef681eb	3b1b836d-4aa5-4b09-8625-fc8f16518264	assistant	Não tenho informações no contexto sobre o **Visto Especial SpeedBot-X99**.\n\nO único visto descrito é o **DataFy-Y77**, que:\n- é um visto experimental para testes de isolamento entre empresas;\n- tem taxa de processamento de **R$ 9.999,00**;\n- prazo de análise de **12 dias úteis**;\n- código interno **QW-3301**.\n\nSe você quiser, posso ajudar a comparar o SpeedBot-X99 com esse visto, ou você pode me passar mais detalhes para eu analisar.	2026-07-15 23:29:44.737778+00
cbfbb201-2c58-422c-ae85-d7e7b49fe844	0560bffc-c52d-4e6d-baf0-6fa280ae89a0	user	Chegou?	2026-07-16 03:12:23.32107+00
20aec00a-e7b6-4659-accb-f27a68ee4109	0560bffc-c52d-4e6d-baf0-6fa280ae89a0	assistant	Olá! Pode me dar mais contexto sobre o que você quer saber com “Chegou?”  \nSe for sobre um pedido, envio ou atendimento, me informe o número ou mais detalhes para eu ajudar.	2026-07-16 03:12:23.32107+00
818f579c-8ec3-4c19-9e9b-f6963c9a8fb5	6882177d-6dbe-410c-b6de-93851add1e86	user	Recebeu?	2026-07-16 03:16:50.384146+00
7c3098f2-7760-4919-95c7-89506d5b16d3	6882177d-6dbe-410c-b6de-93851add1e86	assistant	Recebido! Como posso ajudar?	2026-07-16 03:16:50.384146+00
ad1503dd-63a6-4a1d-8911-9d4f51bccda8	309e7063-8f13-4d7c-8fef-b5f8611cd493	user	uma única mensagem	2026-07-16 03:20:38.979642+00
c742b0e0-5fe5-46e5-af32-d33454f5d50c	309e7063-8f13-4d7c-8fef-b5f8611cd493	assistant	Claro! Pode enviar sua pergunta em uma única mensagem.	2026-07-16 03:20:38.979642+00
2ee06ff5-e6c5-4f60-adab-09d45e650aa8	adc52123-c29c-49ee-a01e-d524d254d86b	user	Olá	2026-07-16 03:20:53.533554+00
3a9f64b9-9c62-4a16-bcab-80f13098f63c	adc52123-c29c-49ee-a01e-d524d254d86b	assistant	Olá! Como posso ajudar você hoje?	2026-07-16 03:20:53.533554+00
9bc9c1c1-ddda-4922-abfe-e4980010f4ae	adc52123-c29c-49ee-a01e-d524d254d86b	user	Quem é você ? Meu nome é Bruno	2026-07-16 03:23:44.462831+00
e424c3f6-fb36-474c-afeb-e7c9683c49e7	adc52123-c29c-49ee-a01e-d524d254d86b	assistant	Olá, Bruno! Eu sou o assistente virtual da Alegra Brasil. Estou aqui para ajudar com suas dúvidas e solicitações de forma rápida e objetiva. Como posso ajudar você hoje?	2026-07-16 03:23:44.462831+00
c6e3dac5-63c6-405c-8796-7387a620a423	adc52123-c29c-49ee-a01e-d524d254d86b	user	Como é meu nome ?	2026-07-16 03:23:56.770554+00
a38ba477-c991-4125-867d-05bc055303aa	adc52123-c29c-49ee-a01e-d524d254d86b	assistant	Seu nome é Bruno.	2026-07-16 03:23:56.770554+00
c826ac29-b525-4dda-ae56-5a358683af24	6974ce6c-f3cf-4780-849f-170a86faf337	user	Olá	2026-07-16 03:26:13.077014+00
b7a1d655-8a47-4264-882b-7455c55cbb55	6974ce6c-f3cf-4780-849f-170a86faf337	assistant	Olá! Como posso ajudar você hoje?	2026-07-16 03:26:13.077014+00
\.


--
-- Data for Name: users; Type: TABLE DATA; Schema: public; Owner: -
--

COPY public.users (id, company_id, name, email, password_hash, role, status, created_at, updated_at) FROM stdin;
\.


--
-- Name: agents agents_pkey; Type: CONSTRAINT; Schema: public; Owner: -
--

ALTER TABLE ONLY public.agents
    ADD CONSTRAINT agents_pkey PRIMARY KEY (id);


--
-- Name: alembic_version alembic_version_pkc; Type: CONSTRAINT; Schema: public; Owner: -
--

ALTER TABLE ONLY public.alembic_version
    ADD CONSTRAINT alembic_version_pkc PRIMARY KEY (version_num);


--
-- Name: channels channels_pkey; Type: CONSTRAINT; Schema: public; Owner: -
--

ALTER TABLE ONLY public.channels
    ADD CONSTRAINT channels_pkey PRIMARY KEY (id);


--
-- Name: chunks chunks_pkey; Type: CONSTRAINT; Schema: public; Owner: -
--

ALTER TABLE ONLY public.chunks
    ADD CONSTRAINT chunks_pkey PRIMARY KEY (id);


--
-- Name: companies companies_pkey; Type: CONSTRAINT; Schema: public; Owner: -
--

ALTER TABLE ONLY public.companies
    ADD CONSTRAINT companies_pkey PRIMARY KEY (id);


--
-- Name: companies companies_slug_key; Type: CONSTRAINT; Schema: public; Owner: -
--

ALTER TABLE ONLY public.companies
    ADD CONSTRAINT companies_slug_key UNIQUE (slug);


--
-- Name: conversations conversations_pkey; Type: CONSTRAINT; Schema: public; Owner: -
--

ALTER TABLE ONLY public.conversations
    ADD CONSTRAINT conversations_pkey PRIMARY KEY (id);


--
-- Name: documents documents_pkey; Type: CONSTRAINT; Schema: public; Owner: -
--

ALTER TABLE ONLY public.documents
    ADD CONSTRAINT documents_pkey PRIMARY KEY (id);


--
-- Name: messages messages_pkey; Type: CONSTRAINT; Schema: public; Owner: -
--

ALTER TABLE ONLY public.messages
    ADD CONSTRAINT messages_pkey PRIMARY KEY (id);


--
-- Name: users users_email_key; Type: CONSTRAINT; Schema: public; Owner: -
--

ALTER TABLE ONLY public.users
    ADD CONSTRAINT users_email_key UNIQUE (email);


--
-- Name: users users_pkey; Type: CONSTRAINT; Schema: public; Owner: -
--

ALTER TABLE ONLY public.users
    ADD CONSTRAINT users_pkey PRIMARY KEY (id);


--
-- Name: idx_chunks_company; Type: INDEX; Schema: public; Owner: -
--

CREATE INDEX idx_chunks_company ON public.chunks USING btree (company_id);


--
-- Name: idx_conversations_session; Type: INDEX; Schema: public; Owner: -
--

CREATE INDEX idx_conversations_session ON public.conversations USING btree (session_id, agent_id);


--
-- Name: idx_messages_conversation; Type: INDEX; Schema: public; Owner: -
--

CREATE INDEX idx_messages_conversation ON public.messages USING btree (conversation_id, created_at);


--
-- Name: agents agents_company_id_fkey; Type: FK CONSTRAINT; Schema: public; Owner: -
--

ALTER TABLE ONLY public.agents
    ADD CONSTRAINT agents_company_id_fkey FOREIGN KEY (company_id) REFERENCES public.companies(id) ON DELETE CASCADE;


--
-- Name: channels channels_agent_id_fkey; Type: FK CONSTRAINT; Schema: public; Owner: -
--

ALTER TABLE ONLY public.channels
    ADD CONSTRAINT channels_agent_id_fkey FOREIGN KEY (agent_id) REFERENCES public.agents(id) ON DELETE CASCADE;


--
-- Name: chunks chunks_agent_id_fkey; Type: FK CONSTRAINT; Schema: public; Owner: -
--

ALTER TABLE ONLY public.chunks
    ADD CONSTRAINT chunks_agent_id_fkey FOREIGN KEY (agent_id) REFERENCES public.agents(id) ON DELETE SET NULL;


--
-- Name: chunks chunks_company_id_fkey; Type: FK CONSTRAINT; Schema: public; Owner: -
--

ALTER TABLE ONLY public.chunks
    ADD CONSTRAINT chunks_company_id_fkey FOREIGN KEY (company_id) REFERENCES public.companies(id) ON DELETE CASCADE;


--
-- Name: chunks chunks_document_id_fkey; Type: FK CONSTRAINT; Schema: public; Owner: -
--

ALTER TABLE ONLY public.chunks
    ADD CONSTRAINT chunks_document_id_fkey FOREIGN KEY (document_id) REFERENCES public.documents(id) ON DELETE CASCADE;


--
-- Name: conversations conversations_agent_id_fkey; Type: FK CONSTRAINT; Schema: public; Owner: -
--

ALTER TABLE ONLY public.conversations
    ADD CONSTRAINT conversations_agent_id_fkey FOREIGN KEY (agent_id) REFERENCES public.agents(id) ON DELETE CASCADE;


--
-- Name: conversations conversations_channel_id_fkey; Type: FK CONSTRAINT; Schema: public; Owner: -
--

ALTER TABLE ONLY public.conversations
    ADD CONSTRAINT conversations_channel_id_fkey FOREIGN KEY (channel_id) REFERENCES public.channels(id) ON DELETE SET NULL;


--
-- Name: documents documents_agent_id_fkey; Type: FK CONSTRAINT; Schema: public; Owner: -
--

ALTER TABLE ONLY public.documents
    ADD CONSTRAINT documents_agent_id_fkey FOREIGN KEY (agent_id) REFERENCES public.agents(id) ON DELETE SET NULL;


--
-- Name: documents documents_company_id_fkey; Type: FK CONSTRAINT; Schema: public; Owner: -
--

ALTER TABLE ONLY public.documents
    ADD CONSTRAINT documents_company_id_fkey FOREIGN KEY (company_id) REFERENCES public.companies(id) ON DELETE CASCADE;


--
-- Name: messages messages_conversation_id_fkey; Type: FK CONSTRAINT; Schema: public; Owner: -
--

ALTER TABLE ONLY public.messages
    ADD CONSTRAINT messages_conversation_id_fkey FOREIGN KEY (conversation_id) REFERENCES public.conversations(id) ON DELETE CASCADE;


--
-- Name: users users_company_id_fkey; Type: FK CONSTRAINT; Schema: public; Owner: -
--

ALTER TABLE ONLY public.users
    ADD CONSTRAINT users_company_id_fkey FOREIGN KEY (company_id) REFERENCES public.companies(id) ON DELETE CASCADE;


--
-- PostgreSQL database dump complete
--


